,City,Cloudiness,Country,Date,Humidity,Lat,Lng,Max Temp,Wind Speed
0,Bredasdorp,100,ZA,1566201095,67,-34.53,20.04,60.01,8.05
1,Albany,90,US,1566200819,93,42.65,-73.75,68.0,1.39
2,Nantucket,90,US,1566201098,100,41.28,-70.1,75.2,10.29
3,Vaini,40,IN,1566201099,58,15.34,74.49,82.4,5.82
4,Chokurdakh,100,RU,1566201100,41,70.62,147.9,63.71,6.33
5,Ushuaia,20,AR,1566201101,69,-54.81,-68.31,37.4,5.82
6,Port Macquarie,75,AU,1566201102,25,-31.43,152.91,66.0,10.29
7,Castro,0,CL,1566201104,84,-42.48,-73.76,33.8,5.82
8,Westport,1,US,1566201026,78,41.14,-73.36,75.99,4.7
9,Bluff,0,AU,1566201106,41,-23.58,149.07,70.37,11.21
10,New Norfolk,75,AU,1566201107,61,-42.78,147.06,46.4,16.11
11,Khani,75,GE,1566201108,69,41.96,42.96,80.6,2.24
12,Ribeira Grande,75,PT,1566201110,82,38.52,-28.7,68.0,19.46
13,Longyearbyen,75,NO,1566201111,64,78.22,15.63,41.0,11.41
14,Avarua,92,CK,1566201112,88,-21.21,-159.78,77.0,10.29
15,Tasiilaq,75,GL,1566201114,93,65.61,-37.64,44.6,1.43
16,Kahului,40,US,1566200854,74,20.89,-156.47,78.8,11.41
17,Salisbury,20,GB,1566201117,87,51.07,-1.8,64.0,10.29
18,Turukhansk,100,RU,1566201118,44,65.8,87.96,75.05,6.78
19,Samarai,56,PG,1566201119,84,-10.62,150.67,69.29,6.73
20,Cloquet,1,US,1566201120,87,46.72,-92.46,59.0,4.97
21,Togur,89,RU,1566201122,70,58.36,82.83,60.65,12.77
22,Payson,1,US,1566200928,40,40.04,-111.73,78.8,5.82
23,Kodiak,1,US,1566201124,100,39.95,-94.76,70.0,3.67
24,Gillette,1,US,1566201126,72,44.29,-105.5,60.8,6.93
25,Kununurra,0,AU,1566201128,18,-15.77,128.74,91.4,12.75
26,Pishin,0,PK,1566201129,8,30.58,67.0,88.37,6.96
27,Punta Arenas,0,CL,1566201130,92,-53.16,-70.91,24.8,4.7
28,Rikitea,100,PF,1566201131,82,-23.12,-134.97,71.09,9.98
29,Balingasay,92,PH,1566201132,80,16.36,119.86,84.05,14.27
30,Yulara,0,AU,1566201134,23,-25.24,130.99,62.6,13.87
31,Akureyri,75,IS,1566201135,86,65.68,-18.09,41.0,12.75
32,Hithadhoo,97,MV,1566200889,74,-0.6,73.08,82.61,10.49
33,Chapais,1,CA,1566201137,88,49.78,-74.86,62.6,6.93
34,Luderitz,0,NA,1566201138,32,-26.65,15.16,69.8,13.87
35,Yellowknife,90,CA,1566201094,100,62.45,-114.38,48.2,4.7
36,Hofn,6,IS,1566201142,83,64.25,-15.21,34.37,18.81
37,Hay River,75,CA,1566201143,87,60.82,-115.79,50.0,6.93
38,Deputatskiy,96,RU,1566201144,41,69.3,139.9,63.71,5.88
39,Parry Sound,100,CA,1566201146,90,45.34,-80.04,72.0,8.99
40,Cape Town,20,ZA,1566201147,55,-33.93,18.42,64.0,3.36
41,La Ronge,75,CA,1566201148,87,55.1,-105.3,50.0,9.17
42,Okhotsk,100,RU,1566201150,81,59.36,143.24,57.23,6.91
43,Valdivia,0,CL,1566201067,100,-39.81,-73.25,39.2,2.24
44,Doha,0,QA,1566201059,60,25.29,51.53,100.4,8.05
45,Darovskoy,100,RU,1566201154,96,58.77,47.96,63.89,7.14
46,Bowen,0,AU,1566201155,44,-20.01,148.25,75.2,11.41
47,Bambous Virieux,75,MU,1566201156,65,-20.34,57.76,78.01,12.75
48,Mkushi,0,ZM,1566201157,28,-13.61,29.4,72.71,8.97
49,Darlington,20,US,1566201159,100,34.3,-79.88,77.0,5.82
50,Arraial do Cabo,77,BR,1566201160,86,-22.97,-42.02,70.73,23.2
51,Rocha,47,UY,1566201161,84,-34.48,-54.34,37.61,4.88
52,Mataura,32,NZ,1566201162,54,-46.19,168.86,51.01,14.0
53,Russell,1,US,1566201164,88,38.9,-98.86,75.2,10.29
54,Kynashiv,0,UA,1566201165,38,48.67,28.9,78.01,6.71
55,Maraba,32,BR,1566201166,94,-5.35,-49.1,71.6,3.36
56,Cherskiy,100,RU,1566201167,63,68.75,161.3,60.83,5.79
57,Cabo San Lucas,77,MX,1566201169,69,22.89,-109.91,84.0,7.92
58,Brezovica pri Ljubljani,0,SI,1566201170,73,46.02,14.42,81.0,2.24
59,Nikolskoye,20,RU,1566201171,68,59.7,30.79,70.0,11.18
60,Priyutovo,100,RU,1566201174,51,53.89,53.93,83.33,8.68
61,Saint-Philippe,40,CA,1566201175,88,45.36,-73.48,73.4,5.82
62,Aklavik,90,CA,1566201176,93,68.22,-135.01,35.6,2.24
63,Puerto Ayora,79,EC,1566201177,97,-0.74,-90.35,66.0,3.0
64,Atuona,7,PF,1566201179,76,-9.8,-139.03,79.55,20.11
65,Bolgatanga,90,GH,1566201180,83,10.79,-0.85,78.29,12.55
66,Busselton,0,AU,1566201181,37,-33.64,115.35,62.01,6.22
67,Hermanus,100,ZA,1566201184,69,-34.42,19.24,62.01,7.0
68,Ballina,20,IE,1566201185,100,54.11,-9.15,57.0,9.17
69,Hilo,40,US,1566201186,65,19.71,-155.08,78.8,3.36
70,Georgetown,31,GY,1566201188,88,6.8,-58.16,73.25,1.21
71,Margate,75,AU,1566201190,61,-43.03,147.26,46.4,17.22
72,Xuddur,52,SO,1566201191,31,4.12,43.89,86.39,21.7
73,Faya,0,SA,1566201192,24,18.39,42.45,84.2,3.36
74,Kavieng,0,PG,1566201193,71,-2.57,150.8,83.87,9.01
75,Banjar,35,ID,1566201194,60,-7.37,108.54,78.47,9.24
76,Touros,40,BR,1566201196,100,-5.2,-35.46,71.6,4.7
77,Bulgan,22,MN,1566201197,84,48.81,103.53,56.69,11.72
78,Jamestown,67,AU,1566201198,84,-33.21,138.6,46.79,7.43
79,Norman Wells,40,CA,1566201200,97,65.28,-126.83,32.0,5.82
80,Kysyl-Syr,100,RU,1566201202,90,63.9,122.77,55.79,4.94
81,Ilulissat,17,GL,1566201203,80,69.22,-51.1,39.2,1.12
82,Gayny,100,RU,1566201205,96,60.3,54.33,59.39,6.8
83,Kapaa,75,US,1566201206,65,22.08,-159.32,80.6,5.82
84,Inirida,100,CO,1566201208,93,3.87,-67.92,71.81,3.31
85,Kruisfontein,71,ZA,1566201209,69,-34.0,24.73,56.87,23.35
86,Zhenhai,40,CN,1566201210,62,29.95,121.71,90.0,4.47
87,Huanren,0,CN,1566201211,66,41.26,125.37,73.79,3.67
88,Kutum,96,SD,1566201213,57,14.2,24.66,77.93,9.62
89,Linkou,97,CN,1566201214,93,45.29,130.27,66.95,3.18
90,Lavumisa,0,ZA,1566201215,12,-27.31,31.88,88.37,7.67
91,Aksarka,36,RU,1566201216,51,66.56,67.8,63.35,7.25
92,Ixtapa,40,MX,1566201217,83,20.71,-105.21,82.4,1.23
93,Tiksi,20,RU,1566201219,75,71.64,128.87,54.35,2.95
94,Faanui,49,PF,1566201220,80,-16.48,-151.75,79.37,19.66
95,Mahebourg,75,MU,1566201221,65,-20.41,57.7,78.01,12.75
96,Hobart,75,AU,1566201178,61,-42.88,147.33,46.4,16.11
97,Kiruna,90,SE,1566201225,87,67.86,20.23,55.4,11.41
98,Garowe,0,SO,1566201227,30,8.41,48.48,91.07,24.65
99,Victoria,75,BN,1566201022,59,5.28,115.24,89.6,3.36
100,Katsuura,75,JP,1566201229,94,33.93,134.5,79.0,9.17
101,Carnarvon,0,ZA,1566201230,20,-30.97,22.13,60.11,11.81
102,Port Alfred,39,ZA,1566201233,79,-33.59,26.89,62.01,8.99
103,Thunder Bay,5,CA,1566201234,100,48.41,-89.26,57.0,5.82
104,Vanimo,76,PG,1566201235,75,-2.67,141.3,82.97,9.13
105,Nago,0,IT,1566201236,69,45.88,10.89,84.99,3.36
106,San Quintin,100,PH,1566201238,83,17.54,120.52,81.53,6.29
107,Severo-Kurilsk,78,RU,1566201239,86,50.68,156.12,51.65,3.18
108,Tuktoyaktuk,100,CA,1566201240,95,69.44,-133.03,37.79,4.54
109,Tabou,100,CI,1566201241,85,4.42,-7.36,75.41,6.26
110,Cheremukhovo,100,RU,1566201242,90,56.23,46.23,71.09,5.44
111,Yumen,100,CN,1566201245,42,40.29,97.04,67.85,4.27
112,Havelock,75,US,1566201246,88,34.88,-76.9,80.6,10.29
113,Fairbanks,90,US,1566201126,61,64.84,-147.72,50.0,4.7
114,Mar del Plata,0,AR,1566201248,68,-46.43,-67.52,32.21,4.32
115,Bail Hongal,75,IN,1566201250,69,15.82,74.87,82.4,6.93
116,Barrow,31,AR,1566201251,84,-38.31,-60.23,30.23,1.99
117,Husavik,88,CA,1566201252,45,50.56,-96.99,64.0,4.0
118,Ahipara,11,NZ,1566201253,100,-35.17,173.16,50.0,17.76
119,The Valley,40,AI,1566201019,83,18.22,-63.06,81.0,11.41
120,Esmeraldas,0,BR,1566201256,71,-19.76,-44.31,57.2,2.24
121,Port-Gentil,40,GA,1566201257,83,-0.72,8.78,77.0,9.17
122,Huilong,84,CN,1566201258,55,31.15,106.5,93.23,7.61
123,Namibe,52,AO,1566201259,86,-15.19,12.15,62.99,2.59
124,Port Elizabeth,90,US,1566201261,94,39.31,-74.98,77.0,3.47
125,Eyrarbakki,0,IS,1566201262,62,63.86,-21.15,44.6,4.7
126,Upernavik,95,GL,1566201263,72,72.79,-56.15,41.93,9.75
127,Santa Maria,0,BR,1566201264,59,-16.02,-48.01,66.2,1.12
128,Roswell,1,US,1566201135,30,33.39,-104.52,86.0,11.41
129,Dikson,100,RU,1566201267,95,73.51,80.55,41.57,9.01
130,Santa Rosa,100,AR,1566201093,68,-36.62,-64.29,35.45,10.33
131,Grindavik,20,IS,1566201269,75,63.84,-22.43,44.6,17.22
132,Ponta do Sol,67,BR,1566201270,61,-20.63,-46.0,65.15,1.34
133,Mareeba,1,AU,1566201272,47,-16.99,145.42,75.99,10.29
134,Kandrian,96,PG,1566201275,90,-6.21,149.55,74.33,8.25
135,Coquimbo,0,CL,1566201276,93,-29.95,-71.34,46.4,5.82
136,Thompson,90,CA,1566201203,93,55.74,-97.86,51.8,6.93
137,Ostrovnoy,100,RU,1566201280,61,68.05,39.51,66.95,18.5
138,Batagay-Alyta,99,RU,1566201281,50,67.8,130.41,60.29,6.73
139,Hun,20,BE,1566201282,82,50.34,4.87,61.0,10.29
140,Tiznit,0,MA,1566201284,76,29.7,-9.73,69.29,8.37
141,Birjand,0,IR,1566201285,6,32.86,59.22,86.0,11.41
142,Chervona Sloboda,0,UA,1566201286,56,50.74,33.96,73.97,5.1
143,Hereford,20,GB,1566201287,82,52.06,-2.72,61.0,9.17
144,Shimoda,75,JP,1566201289,74,34.7,138.93,86.0,4.7
145,Sioux Lookout,75,CA,1566201286,71,50.1,-91.92,57.2,6.93
146,Bethel,1,US,1566201291,71,60.79,-161.76,57.2,8.05
147,Coihaique,0,CL,1566201292,92,-45.58,-72.07,24.8,4.09
148,Qaanaaq,96,GL,1566201293,70,77.48,-69.36,36.53,4.59
149,Khakurinokhabl,23,RU,1566201295,63,45.02,40.23,81.17,5.06
150,Washington DC.,1,US,1566201231,100,38.9,-77.04,78.01,4.27
151,Poum,0,MK,1566201298,46,41.28,20.71,73.4,2.24
152,Aksu,90,KZ,1566201299,64,52.04,76.93,73.4,11.18
153,Airai,82,TL,1566201300,66,-8.93,125.41,78.47,2.86
154,Torbay,90,CA,1566201303,93,47.66,-52.73,61.0,11.41
155,Salalah,90,OM,1566201304,88,17.01,54.1,80.6,8.05
156,Canutama,48,BR,1566201305,90,-6.53,-64.38,71.45,1.21
157,Sur,0,OM,1566201306,48,22.57,59.53,88.91,12.77
158,Loreto,99,PY,1566201308,67,-23.27,-57.32,65.33,8.3
159,Potam,0,MX,1566201309,82,27.6,-110.38,86.0,1.99
160,Narsaq,0,GL,1566201310,93,60.91,-46.05,42.8,5.82
161,San Patricio,30,PY,1566201311,84,-26.98,-56.83,49.13,10.22
162,Lincoln,40,GB,1566201049,87,53.23,-0.54,62.01,11.41
163,Iznik,20,TR,1566201314,68,40.43,29.72,77.0,4.7
164,Lebu,40,ET,1566201317,82,8.96,38.73,60.8,2.24
165,Mitsamiouli,40,KM,1566201318,65,-11.38,43.28,82.4,14.99
166,Ancud,0,CL,1566201319,91,-41.87,-73.83,33.8,5.82
167,Mossendjo,100,CG,1566201321,71,-2.95,12.72,74.33,3.24
168,Morondava,0,MG,1566201325,67,-20.3,44.28,74.87,15.9
169,Naze,100,NG,1566201326,91,5.43,7.07,74.87,2.35
170,Fortuna,0,ES,1566201198,60,38.18,-1.13,82.99,2.24
171,Koslan,45,RU,1566201328,62,63.46,48.9,64.97,8.57
172,Moshupa,0,BW,1566201330,45,-24.78,25.42,62.6,2.24
173,Esperance,0,AU,1566201331,59,-33.86,121.89,62.6,8.05
174,Les Cayes,51,HT,1566201332,78,18.19,-73.75,82.79,18.92
175,Benguela,0,AO,1566201333,100,-12.58,13.4,66.2,2.8
176,Walvis Bay,0,NA,1566201335,97,-22.95,14.51,53.01,1.99
177,Wiefelstede,20,DE,1566201336,77,53.26,8.12,64.0,12.75
178,Kenai,90,US,1566201338,58,60.55,-151.26,59.0,8.05
179,Saint-Georges,75,CA,1566201340,95,46.12,-70.67,64.99,8.19
180,Moron,49,HT,1566201342,76,18.56,-74.26,78.11,4.5
181,Geraldton,5,CA,1566201343,100,49.72,-86.95,51.8,6.93
182,Butaritari,0,KI,1566201344,61,3.07,172.79,84.95,2.1
183,Grand Gaube,75,MU,1566201345,65,-20.01,57.66,78.01,12.75
184,Kaeo,85,NZ,1566201348,100,-35.1,173.78,54.0,11.83
185,Olinda,40,AU,1566201349,81,-37.84,145.39,53.01,10.29
186,Saint George,0,GR,1566201350,32,39.45,22.34,84.2,5.17
187,Pacific Grove,90,US,1566201301,87,36.62,-121.92,62.6,11.41
188,Pouembout,82,NC,1566201353,74,-21.12,164.9,68.93,13.78
189,Plouzane,20,FR,1566201355,82,48.38,-4.62,60.8,5.82
190,Hirado,100,JP,1566201356,94,33.32,129.49,82.99,2.24
191,Eureka,90,US,1566201357,100,40.8,-124.16,55.99,2.84
192,Talas,3,KG,1566201358,99,42.52,72.24,66.99,7.36
193,Mayumba,77,GA,1566201360,91,-3.44,10.65,72.35,5.88
194,Codrington,0,AU,1566201361,63,-28.95,153.24,71.6,14.99
195,Poopo,0,BO,1566201362,44,-18.38,-66.97,37.07,4.18
196,Peniche,20,PT,1566201363,77,39.36,-9.38,73.0,9.17
197,Opuwo,0,NA,1566201364,13,-18.06,13.84,82.43,16.87
198,Micheweni,42,TZ,1566201366,79,-4.97,39.83,76.13,17.65
199,Kralendijk,0,BQ,1566201367,78,12.15,-68.27,82.4,16.11
200,Saint-Pierre,75,FR,1566201368,93,48.95,4.24,62.6,2.24
201,Newport,75,GB,1566201124,93,51.59,-3.0,61.0,6.93
202,Jalu,0,LY,1566201371,36,29.03,21.55,86.93,7.05
203,Bundaberg,0,AU,1566201372,53,-24.87,152.35,71.6,14.99
204,Madison,40,US,1566201260,88,43.07,-89.38,66.0,4.05
205,Eirunepe,76,BR,1566201375,95,-6.66,-69.87,70.37,1.5
206,Nalut,0,LY,1566201376,20,31.86,10.98,90.35,2.62
207,Berlevag,40,NO,1566201378,68,70.86,29.09,64.4,21.92
208,Bathsheba,20,BB,1566201379,83,13.22,-59.52,80.6,9.17
209,Bandarbeyla,23,SO,1566201380,26,9.49,50.81,96.83,25.86
210,Sorong,0,ID,1566201381,82,-0.86,131.25,78.11,9.08
211,Formosa do Rio Preto,0,BR,1566201383,67,-11.04,-45.19,58.67,1.72
212,Narayanavanam,97,IN,1566201384,47,13.42,79.59,92.33,4.61
213,Nyurba,100,RU,1566201385,95,63.29,118.35,53.45,2.91
214,Kyren,100,RU,1566201386,97,51.68,102.13,38.15,4.83
215,Tianpeng,29,CN,1566201387,44,28.88,112.34,97.19,5.57
216,Kumla,75,SE,1566201390,82,59.13,15.14,64.0,12.75
217,Beloha,0,MG,1566201391,39,-25.17,45.06,76.85,13.42
218,Sorland,40,NO,1566201392,87,67.67,12.69,59.0,11.41
219,Bacolod,34,PH,1566201393,79,10.68,122.95,82.97,15.37
220,Chukhloma,92,RU,1566201395,77,58.76,42.68,70.91,3.42
221,Khatanga,100,RU,1566201396,68,71.98,102.47,65.51,6.8
222,Sibolga,49,ID,1566201397,75,1.74,98.78,82.97,14.23
223,Santa Ana,0,MX,1566201186,86,30.54,-111.12,73.0,7.36
224,Maniitsoq,100,GL,1566201400,97,65.42,-52.9,41.57,0.89
225,Kautokeino,100,NO,1566201401,92,69.01,23.04,51.83,22.73
226,Tanout,100,NE,1566201402,63,14.97,8.88,82.97,19.86
227,Udachnyy,0,RU,1566201403,21,66.42,112.4,69.8,8.95
228,Opotiki,0,NZ,1566201404,93,-38.01,177.29,37.99,2.95
229,Cidreira,24,BR,1566201407,79,-30.17,-50.22,44.45,5.55
230,Peyima,100,SL,1566201408,99,8.69,-11.04,70.55,1.57
231,Dingle,92,PH,1566201409,85,11.0,122.67,82.79,0.92
232,Phalodi,54,IN,1566201412,41,27.13,72.36,96.11,6.96
233,Rosario,100,UY,1566201413,85,-34.31,-57.35,36.0,12.97
234,Kathmandu,75,NP,1566201178,69,27.71,85.32,82.4,9.17
235,Santiago de Cao,72,PE,1566201415,91,-7.96,-79.24,59.21,8.86
236,Saint-Augustin,75,CA,1566201417,94,45.63,-73.98,72.0,2.24
237,Clarence Town,0,AU,1566201418,24,-32.59,151.78,59.0,17.22
238,High Rock,0,BS,1566201420,73,26.63,-78.28,83.33,12.55
239,Sicamous,1,CA,1566201421,87,50.84,-118.99,57.2,1.34
240,Likasi,0,CD,1566201423,25,-10.99,26.74,72.35,9.64
241,Gujan-Mestras,90,FR,1566201424,93,44.63,-1.08,63.0,5.57
242,Ugoofaaru,98,MV,1566201425,72,5.67,73.0,82.61,12.24
243,Jardim,0,BR,1566201426,85,-21.48,-56.15,62.09,8.5
244,Sitka,0,US,1566201428,86,37.17,-99.65,75.0,11.99
245,Bedele,82,ET,1566201429,79,8.46,36.35,71.81,1.25
246,San Cristobal,66,HN,1566201430,95,14.68,-86.92,61.55,3.29
247,Quelimane,75,MZ,1566201431,69,-17.88,36.89,75.2,5.82
248,Chuy,93,UY,1566201344,76,-33.69,-53.46,44.99,11.32
249,Dom Pedrito,0,BR,1566201434,86,-30.98,-54.67,37.4,4.7
250,Tiarei,75,PF,1566201435,69,-17.53,-149.33,78.8,2.24
251,Vernon,1,CA,1566201165,45,50.27,-119.27,66.0,3.36
252,Constitucion,100,MX,1566201437,79,23.99,-104.67,64.99,4.47
253,Caldas Novas,47,BR,1566201438,53,-17.75,-48.62,67.85,1.12
254,Bocas del Toro,99,PA,1566201440,54,9.33,-82.25,57.99,5.01
255,Lembang,9,ID,1566201441,30,-6.81,107.62,85.13,10.54
256,Kaitangata,7,NZ,1566201443,74,-46.28,169.85,44.01,5.39
257,Mount Gambier,75,AU,1566201444,76,-37.83,140.78,51.8,12.75
258,Takoradi,60,GH,1566201449,71,4.89,-1.75,80.45,7.09
259,Diamantino,7,BR,1566201450,61,-14.4,-56.44,71.09,2.86
260,Angoche,100,MZ,1566201451,57,-16.23,39.91,76.85,9.89
261,Mahajanga,0,MG,1566201453,37,-15.72,46.32,82.4,14.99
262,Tame,70,CO,1566201454,78,6.46,-71.72,50.75,4.14
263,Lagoa,0,PT,1566201455,33,37.14,-8.45,75.2,3.36
264,Naifaru,100,MV,1566201421,73,5.44,73.37,82.43,10.92
265,Abu Samrah,0,SY,1566201457,27,35.3,37.18,88.19,2.91
266,Itoman,75,JP,1566201459,88,26.12,127.67,86.0,3.36
267,Camacupa,0,AO,1566201460,20,-12.02,17.48,74.15,11.18
268,Itarema,2,BR,1566201461,85,-2.92,-39.92,72.89,8.77
269,Port Moresby,20,PG,1566201462,74,-9.47,147.16,78.8,25.28
270,Pontes e Lacerda,0,BR,1566201464,70,-15.23,-59.33,69.65,2.75
271,Padang,0,ID,1566201466,78,-0.92,100.36,81.89,13.0
272,Haines Junction,93,CA,1566201467,84,60.75,-137.51,31.13,5.37
273,Kiama,0,AU,1566201468,34,-34.67,150.86,54.0,18.34
274,Galeana,21,MX,1566201470,77,24.83,-100.08,62.09,2.53
275,Ayagoz,15,KZ,1566201472,28,47.96,80.43,75.77,7.85
276,Strezhevoy,75,RU,1566201473,87,60.73,77.6,53.6,6.71
277,Erzin,40,TR,1566201474,62,36.95,36.2,84.2,3.36
278,Tuatapere,100,NZ,1566201477,54,-46.13,167.69,51.01,14.0
279,Nara,75,JP,1566201478,94,34.68,135.8,86.0,11.41
280,Richards Bay,49,ZA,1566201479,81,-28.77,32.06,69.65,29.84
281,Kargat,100,RU,1566201480,62,55.19,80.28,64.25,10.16
282,Raudeberg,75,NO,1566201481,82,61.99,5.14,61.0,14.99
283,Borisovka,40,RU,1566201483,64,50.61,36.01,68.0,6.71
284,Bilibino,77,RU,1566201484,90,68.06,166.44,44.99,0.67
285,Alofi,2,NU,1566201485,100,-19.06,-169.92,71.6,3.36
286,Simpang,90,ID,1566201486,75,4.36,96.17,82.79,4.94
287,Bose,40,IT,1566201488,94,45.46,8.01,82.0,5.82
288,Pajapan,100,MX,1566201489,88,18.26,-94.69,73.61,1.12
289,Mirnyy,100,RU,1566201490,84,56.57,36.46,64.97,7.11
290,Gusau,100,NG,1566201491,85,12.17,6.66,76.31,12.19
291,Hovd,0,NO,1566201492,71,63.83,10.7,64.0,9.17
292,Tautira,75,PF,1566201494,69,-17.73,-149.15,78.8,2.24
293,Savinka,100,RU,1566201495,18,50.08,47.1,94.49,17.09
294,Viedma,28,AR,1566201496,73,-40.81,-62.99,31.67,4.88
295,Pitimbu,40,BR,1566201497,100,-7.47,-34.81,71.6,3.36
296,Kavaratti,90,IN,1566201499,74,10.57,72.64,84.2,4.7
297,Puri,2,ID,1566201502,48,-7.54,112.45,83.87,19.04
298,Fukue,75,JP,1566201503,83,35.03,136.69,87.01,13.87
299,Maramba,68,ID,1566201505,98,-2.58,120.81,70.37,1.99
300,Middelburg,47,NL,1566201416,82,51.5,3.61,64.0,20.8
301,Rio Gallegos,0,AR,1566201507,92,-51.62,-69.22,24.8,5.82
302,Guerrero Negro,0,MX,1566201508,89,27.97,-114.04,64.07,11.36
303,Ulaangom,61,MN,1566201509,30,49.98,92.07,72.17,8.9
304,Hamilton,90,CA,1566201511,100,43.26,-79.87,71.01,11.41
305,Knysna,20,ZA,1566201512,67,-34.04,23.05,57.2,13.87
306,Mayo,20,CA,1566201513,44,63.59,-135.9,41.0,6.93
307,Quime,39,BO,1566201515,96,-16.98,-67.22,35.81,5.57
308,Yining,0,CN,1566201517,39,29.04,114.56,96.47,5.59
309,Lata,99,IN,1566201518,86,30.78,78.62,48.95,7.74
310,Tura,0,RU,1566201519,31,64.27,100.22,73.79,8.46
311,Broken Hill,0,AU,1566201520,32,-31.97,141.45,55.4,13.87
312,Taoudenni,0,ML,1566201522,7,22.68,-3.98,102.59,5.93
313,Henderson,20,US,1566201251,11,36.04,-114.98,86.0,4.7
314,San Jeronimito,100,MX,1566201524,79,17.55,-101.33,81.53,4.97
315,Port Lincoln,73,AU,1566201525,65,-34.72,135.86,55.25,16.06
316,Anloga,40,GH,1566201526,83,5.79,0.9,78.8,12.75
317,Hualmay,94,PE,1566201528,88,-11.1,-77.61,59.39,11.14
318,Beyneu,0,KZ,1566201529,13,45.32,55.19,97.37,16.26
319,Damietta,40,EG,1566201530,65,31.42,31.81,80.6,9.17
320,Saldanha,100,PT,1566201531,57,41.42,-6.55,66.59,2.93
321,Labuhan,94,ID,1566201532,69,-2.54,115.51,84.05,3.4
322,Maltahohe,0,NA,1566201473,16,-24.83,16.98,71.99,18.59
323,Souillac,0,FR,1566201535,93,45.6,-0.6,63.0,3.36
324,Conde,2,BR,1566201536,97,-11.81,-37.61,65.51,0.34
325,Santa Catalina,100,UY,1566201538,85,-33.79,-57.49,36.0,3.58
326,Canmore,1,CA,1566201540,93,51.09,-115.35,50.0,10.29
327,Cervo,62,BR,1566201541,77,-22.19,-46.24,59.57,4.05
328,Xiaoweizhai,94,CN,1566201542,68,26.23,107.51,82.43,4.38
329,Wheatley,1,CA,1566201543,94,42.09,-82.46,69.8,3.36
330,Chittur,20,IN,1566201545,55,10.7,76.74,87.8,9.17
331,Sinnamary,0,GF,1566201546,80,5.38,-52.96,78.83,6.04
332,Sola,89,TZ,1566201547,31,-3.17,33.8,83.51,10.65
333,Avoch,40,GB,1566201549,87,57.57,-4.17,59.0,14.99
334,Vila Velha,75,BR,1566201550,73,-3.71,-38.6,77.0,6.93
335,Baghdad,0,IQ,1566201552,24,33.3,44.38,102.2,4.7
336,Provideniya,100,RU,1566201553,85,64.42,-173.23,47.87,4.09
337,Puerto Madryn,0,AR,1566201554,69,-42.77,-65.04,33.29,14.03
338,North Bend,90,US,1566201555,93,43.41,-124.22,62.6,3.36
339,Paamiut,98,GL,1566201557,95,61.99,-49.67,41.93,6.58
340,Americus,90,US,1566201558,88,32.07,-84.23,78.8,1.41
341,Hanting,3,CN,1566201559,68,30.92,118.55,87.83,9.4
342,Sarab,0,IR,1566201560,21,38.61,44.99,77.39,11.25
343,Tezu,100,IN,1566201562,69,27.93,96.16,85.49,2.08
344,Aswan,0,EG,1566201563,27,24.09,32.9,91.4,1.12
345,Ketchikan,75,US,1566201543,81,55.34,-131.65,51.8,5.82
346,Rawson,0,AR,1566201565,69,-43.3,-65.11,30.59,8.55
347,Berdigestyakh,100,RU,1566201343,68,62.1,126.7,61.55,4.56
348,Farmington,1,US,1566201337,19,36.73,-108.21,66.99,9.17
349,Nekhayevskiy,100,RU,1566201569,72,50.41,41.76,78.01,4.0
350,Yamada,75,JP,1566201570,83,36.58,137.08,84.99,6.93
351,Kaili,100,ID,1566201571,95,-3.46,120.21,63.89,3.0
352,Isangel,0,VU,1566201572,64,-19.55,169.27,70.37,15.75
353,Ponta Delgada,75,PT,1566201574,93,37.73,-25.67,66.2,14.99
354,Llanes,100,ES,1566201575,97,43.42,-4.75,62.01,3.27
355,Ahuimanu,20,US,1566201576,61,21.44,-157.84,80.6,4.7
356,Talnakh,75,RU,1566201577,93,69.49,88.39,57.2,13.42
357,Lardos,0,GR,1566201579,39,36.09,28.02,84.2,4.7
358,Blora,26,ID,1566201580,38,-6.97,111.41,90.17,16.06
359,Port Blair,99,IN,1566201581,80,11.67,92.75,82.97,14.36
360,Sao Felix do Xingu,0,BR,1566201582,64,-6.64,-51.99,67.31,0.38
361,Clyde River,90,CA,1566201583,100,70.47,-68.59,39.2,3.36
362,Tecoanapa,90,MX,1566201585,88,16.99,-99.26,80.6,4.7
363,Denizli,0,TR,1566201581,46,37.77,29.09,70.0,13.87
364,Aras,40,ES,1566201587,63,42.56,-2.36,66.2,6.93
365,Luanda,75,AO,1566201588,88,-8.83,13.24,69.8,5.82
366,Wakkanai,75,JP,1566201589,93,45.41,141.67,60.8,11.41
367,Ouegoa,63,NC,1566201591,76,-20.34,164.44,70.01,16.71
368,Dicabisagan,100,PH,1566201592,83,17.08,122.42,85.67,6.13
369,Klyuchi,100,RU,1566201593,71,52.25,79.17,66.77,13.13
370,Camacha,40,PT,1566201594,78,33.08,-16.33,71.6,9.17
371,Jiuquan,100,CN,1566201595,64,39.73,98.49,61.91,4.36
372,Santa Fe,33,AR,1566201597,72,-31.62,-60.7,46.0,3.0
373,Dauphin,1,CA,1566201598,93,51.15,-100.04,48.2,8.05
374,Klaksvik,100,FO,1566201599,100,62.23,-6.59,50.0,14.99
375,Northampton,0,AU,1566201600,30,-28.35,114.63,69.8,12.75
376,Nichinan,75,JP,1566201605,94,31.65,131.31,78.8,12.75
377,Plettenberg Bay,22,ZA,1566201610,58,-34.05,23.37,59.21,15.12
378,Namtsy,75,RU,1566201612,77,62.72,129.66,60.8,6.71
379,Sao Joao da Barra,0,BR,1566201378,65,-21.64,-41.05,64.97,5.66
380,Snasa,0,NO,1566201614,72,64.25,12.38,59.0,11.41
381,Rincon,87,PA,1566201615,55,8.46,-82.28,57.0,1.99
382,Jiangyou,100,CN,1566201617,91,31.78,104.73,71.45,2.91
383,Hamada,75,JP,1566201618,88,34.9,132.08,82.0,4.7
384,La Palma,90,CO,1566201619,88,5.36,-74.39,65.51,3.69
385,Meulaboh,50,ID,1566201620,74,4.14,96.13,82.97,8.86
386,Namatanai,84,PG,1566201621,82,-3.66,152.44,79.73,10.76
387,Ikalamavony,0,MG,1566201623,34,-21.17,46.6,77.57,12.17
388,Nabire,91,ID,1566201589,88,-3.36,135.5,72.53,4.32
389,Ranfurly,100,CA,1566201625,95,53.41,-111.68,47.15,2.51
390,Port Augusta,100,AU,1566201626,58,-32.49,137.76,55.4,14.99
391,Kieta,99,PG,1566201628,76,-6.22,155.63,80.27,7.23
392,Collie,0,AU,1566201629,37,-33.36,116.15,62.01,4.88
393,Malanje,0,AO,1566201630,17,-9.54,16.35,83.69,7.09
394,Macia,0,MZ,1566201631,39,-25.03,33.09,80.63,9.82
395,Jawhar,39,IN,1566201632,73,19.91,73.23,83.33,8.12
396,Vizinga,100,RU,1566201634,89,61.08,50.08,62.81,9.55
397,Hobyo,0,SO,1566201637,33,5.35,48.53,92.15,22.95
398,Tarime,11,TZ,1566201638,32,-1.35,34.38,86.39,5.17
399,Miracema do Tocantins,24,BR,1566201640,60,-9.56,-48.4,69.83,1.07
400,La Orilla,98,MX,1566201641,86,18.0,-102.23,77.57,5.12
401,Karpathos,0,GR,1566201642,54,35.51,27.21,80.6,20.8
402,Kiri Buru,100,IN,1566201643,74,22.08,85.35,85.85,8.03
403,Alvand,0,IR,1566201644,14,36.19,50.06,89.6,6.93
404,East London,0,ZA,1566201646,55,-33.02,27.91,64.4,19.46
405,Saldus,63,LV,1566201647,72,56.67,22.49,70.19,11.68
406,Pisco,90,PE,1566201649,87,-13.71,-76.2,60.8,4.7
407,Harlingen,40,NL,1566201650,77,53.18,5.41,66.0,13.87
408,Te Anau,79,NZ,1566201652,78,-45.41,167.72,41.57,6.73
409,Dillon,1,US,1566201653,36,45.22,-112.64,62.6,5.82
410,Matara,80,BI,1566201654,61,-3.48,29.48,62.09,6.78
411,Flinders,0,AU,1566201655,34,-34.58,150.85,54.0,18.34
412,Vila do Maio,20,CV,1566201657,78,15.13,-23.22,78.8,4.7
413,Khorramabad,0,IR,1566201622,15,33.48,48.35,95.0,6.93
414,Nome,1,US,1566201659,88,30.04,-94.42,86.0,4.23
415,Lavrentiya,100,RU,1566201660,94,65.58,-170.99,41.03,7.09
416,Tygda,100,RU,1566201661,95,53.11,126.33,52.37,3.51
417,Bara,100,NG,1566201663,96,10.41,10.6,71.09,6.93
418,Vic,75,ES,1566201664,69,41.93,2.25,81.0,5.82
419,Port Hedland,0,AU,1566201665,10,-20.31,118.58,78.8,16.11
420,Kurilsk,4,RU,1566201666,84,45.23,147.88,57.05,7.29
421,Brainerd,1,US,1566201668,93,46.36,-94.2,55.99,7.23
422,Quatre Cocos,75,MU,1566201669,65,-20.21,57.76,78.01,12.75
423,Hasaki,75,JP,1566201670,88,35.73,140.83,84.0,10.29
424,Dawei,100,MM,1566201671,80,14.07,98.19,81.71,13.0
425,Vilyuysk,100,RU,1566201673,87,63.75,121.63,56.33,5.3
426,Buraydah,0,SA,1566201674,22,26.33,43.97,98.6,9.17
427,Fayaoue,36,NC,1566201675,64,-20.65,166.53,71.45,11.59
428,Vao,100,EE,1566201676,92,59.1,26.19,63.71,8.79
429,Manokwari,11,ID,1566201678,85,-0.87,134.08,76.85,3.98
430,Katobu,17,ID,1566201680,60,-4.94,122.53,83.51,7.4
431,Marion,1,US,1566201681,100,35.21,-90.2,75.99,3.36
432,Pital,88,CO,1566201683,90,2.27,-75.81,51.65,4.41
433,Sisimiut,76,GL,1566201684,90,66.94,-53.67,42.29,7.38
434,Byron Bay,9,AU,1566201685,82,-28.65,153.62,73.4,9.17
435,Oyama,75,JP,1566201687,83,36.31,139.8,91.0,12.75
436,Hambantota,40,LK,1566201688,75,6.12,81.12,89.6,13.87
437,Saskylakh,0,RU,1566201689,34,71.97,114.09,72.53,3.33
438,Muyezerskiy,93,RU,1566201690,67,63.93,31.65,66.41,11.27
439,Evensk,28,RU,1566201691,82,61.92,159.24,57.23,3.91
440,Darhan,100,MN,1566201693,83,49.49,105.92,57.41,9.51
441,Shenzhen,20,CN,1566201695,66,22.54,114.05,89.6,6.93
442,Mana,95,NG,1566201697,68,13.03,5.27,81.35,11.48
443,Banyo,100,CM,1566201699,91,6.75,11.81,66.77,2.86
444,Ganzhou,0,CN,1566201700,43,25.86,114.93,92.51,4.43
445,Boa Esperanca do Sul,71,BR,1566201665,75,-21.99,-48.39,65.15,5.64
446,Cabedelo,40,BR,1566201702,100,-6.97,-34.84,71.6,3.36
447,Pleshanovo,100,RU,1566201704,68,57.46,28.17,68.0,8.95
448,Fort Nelson,90,CA,1566201705,93,58.81,-122.69,41.0,6.93
449,Axim,64,GH,1566201706,84,4.87,-2.24,77.03,8.68
450,Havoysund,20,NO,1566201707,77,71.0,24.66,62.6,9.17
451,Dudinka,75,RU,1566201708,93,69.41,86.18,57.2,13.42
452,Victoria,75,BN,1566201422,59,5.28,115.24,89.6,3.36
453,Atar,0,MR,1566201712,51,20.52,-13.05,84.41,12.46
454,Luce,1,US,1566201713,93,46.66,-95.65,57.2,4.7
455,Beringovskiy,0,RU,1566201714,84,63.05,179.32,51.83,4.97
456,Praia,0,BR,1566201716,82,-20.25,-43.81,57.2,2.04
457,Ayan,0,IR,1566201717,21,38.23,44.7,77.39,11.25
458,Tocopilla,85,CL,1566201719,84,-22.09,-70.2,55.79,5.68
459,Bambanglipuro,63,ID,1566201721,80,-7.95,110.28,74.87,16.04
460,Christchurch,82,NZ,1566201722,87,-43.53,172.64,46.4,12.75
461,Moranbah,0,AU,1566201723,42,-22.0,148.04,68.57,4.79
462,Nanortalik,34,GL,1566201726,95,60.14,-45.24,40.85,0.56
463,Keti Bandar,0,PK,1566201727,83,24.14,67.45,82.07,10.63
464,Alanya,40,TR,1566201728,55,36.55,32.0,89.6,5.82
465,Nioro,100,GM,1566201729,83,13.79,-15.05,78.65,1.45
466,Tilichiki,72,RU,1566201732,93,60.47,166.1,49.31,4.61
467,Alexandria,0,RO,1566201733,25,43.97,25.33,87.29,3.53
468,Kostomuksha,99,RU,1566201735,60,64.59,30.6,68.21,12.46
469,Nikki,100,BJ,1566201737,95,9.94,3.21,71.99,4.16
470,Takapau,0,NZ,1566201738,82,-40.02,176.35,39.0,2.73
471,Santa Pola,40,ES,1566201739,61,38.19,-0.56,82.99,5.82
472,Yerbogachen,100,RU,1566201740,68,61.28,108.01,61.91,4.74
473,Milkovo,20,BG,1566201742,39,41.53,24.68,80.6,4.7
474,Mikkeli,0,FI,1566201744,77,61.69,27.27,64.99,10.29
475,Ozernovskiy,100,RU,1566201745,90,51.5,156.52,51.29,2.98
476,Wahiawa,1,US,1566201746,78,21.5,-158.02,80.6,14.79
477,Yenagoa,100,NG,1566201748,85,4.92,6.26,77.57,5.21
478,Ler,0,NO,1566201749,71,63.2,10.3,59.0,9.17
479,Tessalit,10,ML,1566201750,23,20.2,1.01,98.81,12.77
480,Bartica,36,GY,1566201751,96,6.41,-58.62,69.11,1.34
481,Teeli,46,RU,1566201753,38,51.01,90.2,65.15,1.41
482,Ternate,40,PH,1566201754,75,14.29,120.72,89.6,19.46
483,Hami,17,CN,1566201755,21,42.84,93.51,83.87,8.28
484,Garden City,0,US,1566201664,55,43.62,-116.24,75.2,5.28
485,Elat,100,CM,1566201759,76,2.91,11.16,75.77,4.36
486,Isla Vista,75,US,1566201760,93,34.41,-119.86,62.6,2.93
487,Sabha,0,LY,1566201603,22,27.03,14.43,88.37,8.16
488,Steinbach,90,CA,1566201762,52,49.53,-96.69,64.4,12.75
489,Verkhoyansk,100,RU,1566201764,50,67.55,133.39,69.47,3.44
490,Kinsale,20,IE,1566201662,82,51.71,-8.52,55.4,8.05
491,Kloulklubed,90,PW,1566201766,94,7.04,134.26,77.0,9.17
492,Chara,20,GR,1566201767,44,39.42,22.43,84.2,5.17
493,Srednekolymsk,0,RU,1566201768,44,67.46,153.71,66.77,6.96
494,Loa Janan,2,ID,1566201769,70,-0.58,117.09,83.87,5.12
495,Zhigansk,100,RU,1566201771,70,66.77,123.37,57.95,2.28
496,Vaitape,49,PF,1566201772,80,-16.52,-151.75,79.37,19.66
497,Pascagoula,75,US,1566201768,88,30.37,-88.56,82.0,3.36
498,Vanavara,100,RU,1566201777,64,60.35,102.28,65.51,5.97
499,Abdanan,0,IR,1566201778,10,32.99,47.42,99.71,9.73
500,Taksimo,1,RU,1566201779,45,56.36,114.84,61.91,1.12
501,Japura,87,ID,1566201781,29,-0.42,102.29,96.11,3.33
502,Vrangel,88,RU,1566201782,83,42.73,133.08,68.39,4.14
503,Bajil,6,ES,1566201783,21,38.23,-2.07,82.25,3.85
504,Moose Jaw,5,CA,1566201784,93,50.4,-105.54,48.0,3.36
505,Manaus,0,BR,1566201786,83,-3.13,-59.98,77.0,5.82
506,Los Llanos de Aridane,20,ES,1566201787,83,28.66,-17.92,84.99,13.87
507,El Retorno,38,CO,1566201788,98,2.33,-72.63,69.29,1.21
508,Zolotukhino,40,RU,1566201791,68,52.08,36.38,77.0,4.47
509,Lompoc,75,US,1566201792,93,34.64,-120.46,60.8,10.42
510,Heihe,40,RU,1566201793,59,50.24,127.51,66.2,6.71
511,Iskateley,0,RU,1566201794,61,67.68,53.15,67.49,11.86
512,Mucurapo,40,TT,1566201796,88,10.67,-61.53,79.0,8.77
513,Tambilil,75,PH,1566201797,66,5.96,124.67,86.0,2.24
514,Sabanagrande,40,CO,1566201798,88,10.79,-74.76,80.6,2.24
515,Atbasar,16,KZ,1566201799,38,51.81,68.36,82.07,11.23
516,Sheksna,90,RU,1566201801,88,59.21,38.5,66.2,8.95
517,Bonthe,100,SL,1566201802,86,7.53,-12.5,77.03,6.71
518,Rayong,20,TH,1566201803,55,12.68,101.28,93.0,11.41
519,Mount Isa,0,AU,1566201805,19,-20.73,139.49,68.0,16.11
520,Ambovombe,3,MG,1566201807,75,-25.18,46.09,68.75,23.51
521,Anamur,40,TR,1566201808,55,36.08,32.84,89.6,5.82
522,Traunstein,75,DE,1566201809,77,47.87,12.64,72.0,6.93
523,Inuvik,90,CA,1566201810,93,68.36,-133.71,35.6,3.71
524,Acheng,75,CN,1566201812,64,45.55,126.95,75.2,6.71
525,Malindi,47,KE,1566201607,41,-3.22,40.12,86.93,19.89
526,Omama,100,JP,1566201814,94,36.43,139.28,75.99,1.01
527,Mwinilunga,0,ZM,1566201815,19,-11.73,24.43,75.23,10.11
528,Awbari,0,LY,1566201817,18,26.59,12.77,90.71,11.34
529,Vardo,1,US,1566201818,94,39.62,-77.74,70.0,3.65
530,Kropotkin,86,RU,1566201819,62,45.43,40.58,81.0,3.49
531,Gazanjyk,0,TM,1566201820,9,39.24,55.52,98.99,22.32
532,Henties Bay,0,NA,1566201822,72,-22.12,14.28,60.65,9.95
533,Caravelas,0,BR,1566201823,86,-17.73,-39.27,66.59,5.73
534,Lukulu,0,ZM,1566201824,12,-14.38,23.24,77.03,11.97
535,Dinard,0,FR,1566201825,87,48.63,-2.06,63.0,9.17
536,Khargapur,100,IN,1566201826,61,24.82,79.14,90.53,8.95
537,Thinadhoo,98,MV,1566201593,72,0.53,72.93,83.51,15.32
538,Rosetown,13,CA,1566201829,82,51.55,-107.99,46.99,7.43
539,Santa Leopoldina,0,BR,1566201830,88,-20.1,-40.53,68.0,5.82
540,Akcakoca,7,TR,1566201831,56,41.09,31.12,73.07,8.97
541,Bowmore,1,US,1566201834,88,34.94,-79.3,78.8,5.82
542,Lorengau,6,PG,1566201835,82,-2.02,147.27,80.09,9.26
543,Ust-Karsk,100,RU,1566201836,46,52.71,118.82,68.21,1.81
544,Urusha,43,RU,1566201837,47,54.05,122.9,69.11,3.49
545,Florianopolis,75,BR,1566201759,81,-27.6,-48.55,55.99,12.75
546,Cap Malheureux,75,MU,1566201840,65,-19.98,57.61,78.01,12.75
547,Puerto Carreno,100,CO,1566201841,95,6.19,-67.49,71.09,6.82
548,Manyana,0,AU,1566201842,34,-35.26,150.51,54.0,18.34
549,Ifo,40,NG,1566201843,88,6.81,3.2,77.0,6.93
550,Mitu,0,IR,1566201845,9,36.2,46.09,96.29,5.7
551,Pasni,1,PK,1566201846,37,25.26,63.48,96.47,8.72
552,Maldonado,75,UY,1566201626,74,-34.91,-54.96,42.8,17.22
553,Colares,20,PT,1566201848,77,38.8,-9.45,66.99,14.99
554,Tarakan,70,ID,1566201829,68,3.3,117.63,85.31,10.27
555,Najran,0,SA,1566201852,10,17.54,44.22,93.2,10.74
556,Agadir,0,MA,1566201853,64,30.42,-9.58,69.8,12.48
557,Foam Lake,0,CA,1566201854,83,51.65,-103.53,45.35,3.69
558,Belmonte,100,PT,1566201856,96,40.36,-7.35,66.99,5.82
559,Kill,20,IE,1566201858,93,53.25,-6.59,57.99,16.11
560,Coahuayana,89,MX,1566201859,95,18.62,-100.35,71.81,0.38
561,Valleyview,100,CA,1566201860,93,55.07,-117.28,41.93,2.17
562,Weligama,71,LK,1566201861,81,5.97,80.42,81.89,12.24
563,Pevek,65,RU,1566201863,88,69.7,170.27,40.85,6.06
564,Osa,100,RU,1566201864,83,57.28,55.46,74.15,6.73
565,Shirochanka,69,RU,1566201867,71,46.66,38.33,73.07,4.25
566,Anadyr,75,RU,1566201869,100,64.73,177.51,53.6,6.71
567,Wiarton,90,CA,1566201870,88,44.74,-81.13,70.0,9.17
568,Bidor,75,MY,1566201871,56,4.11,101.29,93.2,9.17
569,Gamba,0,CN,1566201872,27,28.28,88.52,59.93,5.86
570,Manta,0,RO,1566201873,36,45.1,24.1,80.99,3.02
571,Honningsvag,20,NO,1566201875,77,70.98,25.97,62.6,9.17
572,Nagua,47,DO,1566201876,95,19.37,-69.85,72.71,3.71
573,Bonavista,35,CA,1566201877,84,48.65,-53.11,61.0,5.01
574,Uarini,100,BR,1566201878,88,-2.98,-65.16,71.99,1.68
575,Beidao,82,CN,1566201880,70,34.57,105.89,73.79,19.06
576,Pangkalanbuun,48,ID,1566201617,84,-2.68,111.62,80.63,4.65
577,Wilmington,1,US,1566201603,100,39.75,-75.55,77.0,6.29
578,Makakilo City,1,US,1566201885,69,21.35,-158.09,80.6,3.36
579,Toora-Khem,77,RU,1566201887,73,52.47,96.11,58.13,6.33
580,Sept-Iles,20,CA,1566201888,100,50.2,-66.38,57.99,3.36
581,Palkonda,85,IN,1566201889,58,18.6,83.76,92.69,9.15
582,Cuitzeo,40,MX,1566201890,83,20.33,-102.78,72.0,1.07
583,Lasa,20,CY,1566201891,66,34.92,32.53,87.8,6.93
584,Rome,0,IT,1566201672,50,41.89,12.48,84.99,3.36
585,Abbeville,12,FR,1566201894,72,50.11,1.83,64.0,11.41
586,Ilinskiy,75,RU,1566201895,82,55.62,38.12,66.0,2.24
587,Singaparna,66,ID,1566201896,62,-7.35,108.11,74.69,8.05
588,Gizo,40,IL,1566201899,51,31.8,34.94,87.01,8.05
589,Raychikhinsk,100,RU,1566201900,85,49.8,129.4,59.57,3.06
590,Lagos,40,NG,1566201807,88,6.46,3.39,77.0,6.93
591,Mogadishu,3,SO,1566201902,53,2.04,45.34,83.69,19.28
592,Nanchong,100,CN,1566201903,61,30.8,106.08,91.61,8.86
593,Guiren,75,TW,1566201905,88,22.97,120.29,88.0,2.24
594,Yuci,20,CN,1566201906,36,37.68,112.73,91.4,6.71
595,Bisira,52,PA,1566201907,90,8.52,-81.71,68.39,3.02
596,Ratholo,0,BW,1566201909,28,-22.72,27.57,75.05,3.49
597,Inhambane,0,MZ,1566201910,57,-23.87,35.38,75.2,9.17
598,Campos,0,PT,1566201911,82,41.97,-8.7,73.0,5.82
599,Tadine,15,NC,1566201912,61,-21.55,167.88,70.01,11.81
600,Lethem,100,GY,1566201913,89,3.38,-59.8,73.43,1.86
601,Brawley,1,US,1566201806,25,32.98,-115.53,89.6,6.93
602,Santa Cruz,52,BR,1566201916,90,-6.22,-36.02,66.59,6.38
603,Gedo,99,ET,1566201918,80,9.01,37.45,69.29,2.59
604,Chernyshevskiy,100,RU,1566201919,94,63.01,112.47,51.29,5.61
605,Iqaluit,90,CA,1566201921,100,63.75,-68.52,39.2,1.14
606,Arman,0,RU,1566201922,79,59.7,150.17,57.59,3.58
607,Khorramshahr,0,IR,1566201923,24,30.43,48.18,105.8,4.7
608,Le Port,100,FR,1566201925,73,42.87,1.37,66.0,3.0
609,Belle Fourche,1,US,1566201927,82,44.67,-103.85,64.99,4.7
610,Launceston,40,AU,1566201928,65,-41.43,147.14,48.0,13.87
611,Armidale,0,AU,1566201745,71,-30.51,151.67,35.09,7.87
612,Mastic Beach,90,US,1566201655,94,40.77,-72.85,78.01,5.82
613,Solhan,0,TR,1566201931,30,38.97,41.05,82.4,4.7
614,Zhuhai,20,CN,1566201933,42,40.71,112.04,80.6,4.47
615,Panzhihua,100,CN,1566201934,48,26.59,101.72,86.0,5.19
616,Tigil,32,RU,1566201935,75,57.8,158.67,57.95,10.02
617,Port Hardy,90,CA,1566201936,87,50.7,-127.42,55.4,8.05
618,Metro,43,ID,1566201937,41,-5.11,105.31,89.99,3.89
619,Bonfim,100,GY,1566201939,89,3.36,-59.84,73.43,1.86
620,Korem,0,ET,1566201940,53,12.51,39.52,70.73,9.55
621,Oranjestad,94,AW,1566201941,84,12.52,-70.03,82.07,25.68
622,Kulhudhuffushi,98,MV,1566201943,74,6.62,73.07,82.43,12.53
623,Aykhal,0,RU,1566201944,21,65.95,111.51,69.8,8.95
624,Limbang,75,BN,1566201945,66,4.75,115.01,89.6,6.93
625,Humaita,75,AR,1566201946,53,-24.93,-65.37,73.4,6.93
626,Vestmannaeyjar,40,IS,1566201947,81,63.44,-20.27,44.6,4.7
627,Sarakhs,0,TM,1566201949,18,36.54,61.16,91.4,6.93
628,Kidal,0,ML,1566201950,34,18.44,1.41,94.49,12.46
629,Sainte-Anne-des-Monts,0,CA,1566201951,88,49.13,-66.49,63.17,2.06
630,Linares,100,CL,1566201952,86,-35.85,-71.6,43.73,1.59
631,Vostok,17,RU,1566201953,93,46.45,135.83,68.75,1.52
632,Bukan,0,IR,1566201908,9,36.52,46.21,96.29,5.7
633,Lakatoro,100,VU,1566201957,75,-16.11,167.42,75.95,9.42
634,Pak Chong,95,TH,1566201958,62,14.71,101.42,90.53,8.97
635,Dandong,0,CN,1566201959,87,40.12,124.37,76.13,7.27
636,Nador,0,MA,1566201961,35,35.17,-2.93,84.2,10.29
637,Sokoni,0,CD,1566201962,26,-12.89,28.78,74.69,8.61
638,Pangnirtung,3,CA,1566201963,76,66.15,-65.72,35.63,1.39
639,Umba,97,RU,1566201964,64,66.69,34.34,64.61,13.29
640,Zhashkiv,0,UA,1566201966,42,49.25,30.1,77.93,4.63
641,Borba,3,BR,1566201967,84,-4.39,-59.59,71.99,0.25
642,Ouesso,48,CG,1566201968,85,1.61,16.05,78.29,4.72
643,Iquitos,0,PE,1566201969,94,-3.75,-73.25,73.4,2.24
644,Solnechnyy,100,RU,1566201970,99,50.72,136.64,52.19,2.91
645,Unai,57,BR,1566201905,55,-16.36,-46.91,63.71,0.69
646,Sergeyevka,80,KZ,1566201973,67,53.88,67.42,71.27,8.81
647,Onega,99,RU,1566201974,92,63.91,38.09,56.69,11.52
648,Shiyan,45,CN,1566201975,35,32.65,110.78,79.0,1.99
649,Prainha,0,BR,1566201977,78,-1.8,-53.48,71.63,2.39
650,Nizhniy Ingash,51,RU,1566201978,42,56.2,96.53,72.71,7.09
651,Pombas,24,BR,1566201980,46,-15.9,-54.74,73.79,2.33
652,Luancheng,0,CN,1566201981,55,37.88,114.65,89.6,8.95
653,Puerto Quijarro,0,BO,1566201983,77,-19.0,-57.72,66.95,5.88
654,Acapulco,90,MX,1566201865,88,16.86,-99.88,80.6,4.7
655,Salamiyah,0,SY,1566201985,30,35.01,37.05,87.11,2.04
656,Tarkwa,86,GH,1566201986,78,5.31,-1.99,78.65,5.86
657,Bojnurd,0,IR,1566201989,14,37.47,57.33,82.4,11.41
658,Champerico,100,MX,1566201990,97,16.38,-93.6,67.49,1.1
659,Phan Thiet,0,VN,1566201984,61,10.93,108.1,88.91,10.36
660,Xixiang,20,CN,1566201992,66,22.58,113.87,89.6,6.93
661,Slave Lake,90,CA,1566201993,87,55.28,-114.77,50.0,2.24
662,Yiyang,50,CN,1566201996,40,28.59,112.35,96.47,5.35
663,Carutapera,3,BR,1566201988,90,-1.2,-46.02,75.41,4.21
664,Macaubas,0,BR,1566201998,75,-13.02,-42.7,62.81,4.36
665,Derzhavinsk,43,KZ,1566201999,24,51.1,66.31,89.27,11.39
666,Ambilobe,9,MG,1566202001,34,-13.19,49.05,89.99,1.95
667,Kirakira,3,SB,1566202002,85,-10.46,161.92,79.01,9.69
668,Itatskiy,100,RU,1566202003,70,56.07,89.04,63.71,4.79
669,Muzhi,22,RU,1566202004,52,65.4,64.7,63.89,4.07
670,Ucluelet,100,CA,1566202006,94,48.94,-125.55,61.0,7.45
671,Broome,20,GB,1566202007,82,52.47,1.45,66.99,12.75
672,Xichang,100,CN,1566202008,77,27.88,102.25,72.53,2.19
673,Salamanca,55,MX,1566202009,84,20.57,-101.19,62.01,1.39
674,Pimentel,58,BR,1566202010,91,-3.7,-45.5,68.93,2.71
675,Duvan,86,RU,1566202012,53,55.69,57.9,80.81,3.13
676,Intipuca,100,SV,1566202013,74,13.2,-88.05,81.35,6.29
677,Tancheng,0,CN,1566202014,65,33.44,116.55,82.43,9.44
678,Itaituba,0,BR,1566202015,67,-4.26,-55.99,69.11,1.66
679,Tongzi,100,CN,1566202017,62,28.78,105.09,91.43,3.56
680,Eslamshahr,0,IR,1566202018,9,35.55,51.23,93.2,11.41
681,Nangomba,100,TZ,1566202019,30,-10.9,38.52,83.15,7.05
682,Bongandanga,0,CD,1566202021,54,1.51,21.07,87.29,3.62
683,Chifeng,25,CN,1566202022,38,42.27,118.96,79.55,7.23
684,Khabary,100,RU,1566202023,85,53.63,79.53,62.81,10.98
685,Kangaba,97,ML,1566202025,88,11.94,-8.41,75.95,4.12
686,Saint-Denis,0,FR,1566201794,72,48.94,2.36,64.0,9.17
687,Yanam,40,IN,1566202028,63,16.73,82.22,91.4,11.41
688,Gigmoto,3,PH,1566202029,70,13.78,124.39,86.21,6.08
689,Vanino,26,RU,1566202031,74,53.93,40.55,69.65,11.45
690,Maceio,75,BR,1566202032,94,-9.67,-35.74,68.0,4.7
691,Bronnoysund,0,NO,1566202033,59,65.46,12.2,66.2,4.7
692,Leningradskiy,61,RU,1566202034,95,69.38,178.42,40.13,8.23
693,Antalaha,96,MG,1566202036,61,-14.9,50.28,72.17,3.42
694,Snezhnogorsk,0,RU,1566202037,45,69.19,33.23,68.0,8.95
695,Ossora,100,RU,1566202038,99,59.24,163.07,49.67,4.74
696,Qandala,3,SO,1566202039,61,11.47,49.87,87.65,4.47
697,Pamyat Parizhskoy Kommuny,40,RU,1566202041,78,56.1,44.5,73.4,6.71
698,Chalmette,1,US,1566202042,88,29.94,-89.96,81.0,5.79
699,Gordeyevka,17,RU,1566202043,62,52.96,31.97,74.15,8.63
700,kuri,20,PK,1566202044,55,32.7,74.45,87.8,4.7
701,Atakpame,40,TG,1566202046,80,7.53,1.13,77.93,3.47
702,Ust-Tsilma,0,RU,1566202047,51,65.44,52.15,70.91,7.61
703,San Ramon,100,NI,1566202048,88,12.92,-85.84,63.89,3.89
704,Ramsar,0,IR,1566202027,70,36.92,50.64,84.2,4.7
705,Mugur-Aksy,97,RU,1566202050,53,50.38,90.44,48.05,6.71
706,Northam,0,AU,1566202052,39,-31.65,116.67,66.2,9.17
707,Dalnerechensk,96,RU,1566202053,85,45.93,133.72,73.25,1.95
708,Dongling,0,CN,1566202054,41,32.28,121.37,82.0,13.11
709,Pekan,75,MY,1566202055,56,3.49,103.39,93.2,5.82
710,Guanica,72,PR,1566202057,79,17.97,-66.91,81.0,4.12
711,Manoel Urbano,66,BR,1566202058,87,-8.84,-69.26,69.65,0.69
712,Tromso,75,NO,1566202021,93,69.65,18.96,59.0,11.41
713,Nipawin,1,CA,1566202060,87,53.36,-104.02,48.2,9.17
714,Olden,75,NO,1566202061,67,61.84,6.81,60.8,8.05
715,Bako,100,BF,1566202063,76,12.29,-0.73,80.27,10.92
716,Turiacu,0,BR,1566202064,83,-5.01,-63.0,71.45,1.03
717,Svetlaya,100,RU,1566202065,98,46.54,138.33,57.05,2.37
718,Gobabis,0,NA,1566202066,22,-22.45,18.97,66.2,6.93
719,Assiniboia,0,CA,1566202067,71,49.63,-105.99,53.45,5.53
720,Linxia,100,CN,1566202069,78,35.6,103.21,67.85,8.39
721,Calabozo,100,VE,1566202070,98,8.92,-67.43,71.81,3.78
722,Egvekinot,100,RU,1566202071,97,66.32,-179.17,43.37,7.11
723,Port Hawkesbury,90,CA,1566202072,100,45.62,-61.36,66.99,2.24
724,College,90,US,1566202074,61,64.86,-147.8,50.0,4.7
725,Akonolinga,97,CM,1566202075,73,3.77,12.24,76.31,4.61
726,Sao Filipe,13,CV,1566202077,91,14.9,-24.5,76.85,10.33
727,Kuryk,0,KZ,1566202078,10,43.18,51.68,99.17,14.07
728,Balakhta,81,RU,1566202080,47,55.38,91.62,71.09,6.06
729,Kamaishi,20,JP,1566202081,69,39.28,141.86,82.4,16.11
730,Filingue,81,NE,1566202083,57,14.35,3.32,86.93,15.57
731,Nemuro,75,JP,1566202084,87,43.32,145.57,60.8,5.82
732,Baruun-Urt,100,MN,1566202086,90,46.68,113.28,55.97,2.77
733,Yaan,100,NG,1566202087,91,7.38,8.57,75.59,5.82
734,Balabac,35,PH,1566202090,67,7.99,117.06,84.95,7.63
735,Yuryevets,41,RU,1566202091,76,57.32,43.11,71.09,6.31
736,Jiwani,14,PK,1566202092,81,25.05,61.74,80.81,10.0
737,Moba,0,CD,1566202093,41,-7.04,29.77,75.95,10.07
738,Atambua,15,ID,1566202095,80,-9.11,124.89,78.47,15.35
739,Puerto del Rosario,20,ES,1566202096,88,28.5,-13.86,71.6,8.05
740,Calbuco,0,CL,1566202098,75,-41.77,-73.13,32.0,2.24
741,Harper,1,US,1566202101,73,30.3,-99.24,78.8,4.7
742,Bosaso,0,SO,1566202102,59,11.28,49.18,89.45,7.49
743,Porbandar,40,IN,1566202104,74,21.64,69.61,86.0,9.17
744,Havre-Saint-Pierre,75,CA,1566202105,93,50.23,-63.6,50.0,2.24
745,Kerema,54,PG,1566202106,82,-7.96,145.78,76.67,15.57
746,Baracoa,70,CU,1566202108,77,20.35,-74.5,83.51,16.22
747,Benghazi,0,LY,1566202110,59,32.12,20.07,81.71,14.9
748,Juegang,0,CN,1566202111,41,32.31,121.18,89.01,13.11
749,Domodossola,40,IT,1566202112,69,46.12,8.29,77.0,4.7
750,Bin Qirdan,0,TN,1566202113,25,33.14,11.22,90.71,3.33
751,Baykit,100,RU,1566202115,35,61.68,96.39,70.19,5.1
752,Manavalakurichi,20,IN,1566202116,79,8.13,77.3,84.2,9.17
753,Along,99,IN,1566202118,88,28.17,94.8,70.19,5.55
754,Cururupu,52,BR,1566202119,99,-1.82,-44.87,71.63,2.59
755,Westerland,40,NL,1566202121,68,52.89,4.93,66.0,19.46
756,San Jose,1,HN,1566202122,100,14.25,-87.96,69.8,2.08
757,Kuldur,100,RU,1566202123,89,49.22,131.63,56.15,3.56
758,Muros,0,ES,1566202124,82,42.77,-9.06,69.01,6.93
759,Shahrud,0,IR,1566202126,26,36.42,54.97,70.19,3.76
760,Ranot,34,TH,1566202128,46,7.78,100.32,93.05,14.41
761,Pilar,0,AR,1566202130,64,-34.46,-58.91,41.0,5.82
762,Rantepao,99,ID,1566202132,94,-2.97,119.9,64.25,3.2
763,Nieuw Amsterdam,40,SR,1566202133,94,5.88,-55.08,73.99,1.12
764,Seoul,1,KR,1566201869,51,37.57,126.98,89.6,2.24
765,Laje,9,BR,1566202135,97,-13.18,-39.42,62.99,1.43
766,Yerofey Pavlovich,17,RU,1566202136,47,53.97,121.97,68.93,5.99
767,Marzuq,0,YE,1566202138,16,14.4,46.47,92.51,14.94
768,Kasangulu,75,CD,1566202139,78,-4.59,15.17,71.6,6.93
769,Manassas,20,US,1566202142,83,38.75,-77.48,78.01,4.27
770,Pasighat,89,IN,1566202143,84,28.06,95.33,80.63,4.12
771,Kaohsiung,75,TW,1566202146,88,22.62,120.31,80.6,5.82
772,Laguna,99,BZ,1566202147,98,16.17,-88.94,72.89,1.23
773,Gelgaudiskis,67,LT,1566202148,81,55.08,22.98,70.01,8.75
774,Pringsewu,19,ID,1566202149,64,-5.36,104.98,78.47,7.4
775,Severnyy-Kospashskiy,99,RU,1566202151,70,59.09,57.8,61.0,5.01
776,Adolfo Lopez Mateos,33,MX,1566202153,78,26.8,-109.39,86.0,1.68
777,Petropavlovsk-Kamchatskiy,75,RU,1566202154,87,53.05,158.65,57.2,8.95
778,Natal,75,BR,1566202155,94,-5.81,-35.21,71.6,5.82
779,Terrace,75,CA,1566201948,76,54.52,-128.61,53.6,14.99
780,Kabelvag,0,NO,1566202158,82,68.21,14.48,61.0,11.41
781,Kupang,0,ID,1566202159,68,-10.16,123.6,81.35,10.33
782,Oistins,20,BB,1566202160,83,13.07,-59.53,80.6,9.17
783,Shache,0,CN,1566202162,13,38.42,77.24,87.11,3.06
784,Nkoteng,93,CM,1566202163,78,4.5,12.12,75.77,6.87
785,Omboue,100,GA,1566202164,88,-1.57,9.26,74.51,11.97
786,Dangriga,70,BZ,1566202165,100,16.97,-88.23,77.0,0.83
787,Fort-Shevchenko,0,KZ,1566202166,55,44.51,50.26,78.47,14.38
788,Magdalena Milpas Altas,90,GT,1566202168,93,14.55,-90.68,64.4,2.73
789,Mudgee,0,AU,1566202169,31,-32.6,149.59,50.0,17.22
790,Nouadhibou,75,MR,1566202170,94,20.93,-17.03,71.6,6.93
791,Jinji,77,CN,1566202173,69,22.16,112.49,87.01,4.12
792,Lima,90,PE,1566202174,93,-12.06,-77.04,59.0,6.93
793,Sokolo,83,ML,1566202175,64,14.74,-6.12,83.33,9.31
